# admin menu same as status with extra
Node Manager|*List Nodes|/admin/lsnodes.php|
Node Manager|Status Page|/status/|
Node Manager|Louisiana Image|/status/info.php|
Node Manager|*Directory|/admin/gmrs-node-index.php?type=hub&sort=live|
Node Manager|*Admin|/admin/|
Node Manager|*Connection|/admin/connect.php|
Node Manager|*Commands|/admin/commands.php|
Node Manager|*Block List|/admin/edit_list.php|
Node Manager|*Node Setup|/admin/setup_edit.php|
Node Manager|*Logs|/admin/log.php?log=mmsoftware||
Node Manager|*Usb|/admin/usb_edit.php||
Node Manager|*CPU Temp|/admin/temp.php||

Weather|Radar Windy.com|/status/radar.php|
Weather|Chart Temp    |/status/weather.php?log=temp&today=3|
Weather|Chart Humidity|/status/weather.php?log=hum&today=3|
Weather|Chart Wind    |/status/weather.php?log=wind&today=3|
Weather|Chart Wind Dir|/status/weather.php?log=dir&today=3|
Weather|Chart Rain    |/status/weather.php?log=rain&today=3|
Weather|Chart Pressure|/status/weather.php?log=press&today=3|
Weather|Chart UV Index|/status/weather.php?log=uvi&today=3|
Weather|Chart Solar   |/status/weather.php?log=solar&today=3|



# insert any bookmarks you want here 
Bookmarks|GMRSHUB.com|http://www.gmrshub.com|
Bookmarks|LaGmrs.com|http://www.lagmrs.com|
Bookmarks|La2Way.com|http://www.la2way.com|
Bookmarks|Diag Node|https://hub.lagmrs.com/diag/index.php|
Bookmarks|Repeater Map|https://mygmrs.com/map|
Bookmarks|Propagation Map|https://vhf.dxview.org|
Bookmarks|LaRepeater.com|https://larepeater.com|
Bookmarks|GMRS HUB Directory|https://www.lagmrs.com/gmrshub.php|
Bookmarks|Louisiana Nationwide Facebook|https://www.facebook.com/groups/louisiana.nationwide.gmrs|



FCC|FCC Part95E|https://www.ecfr.gov/current/title-47/chapter-I/subchapter-D/part-95/subpart-E|
FCC|FCC Lookup|https://fjallfoss.fcc.gov/General_Menu_Reports/callsign.cfm|
FCC|FCC Bulletion|https://www.fccbulletin.com/|




GMRS Hub|GMRSHub.com|http://gmrshub.com|
GMRS Hub|GMRS Hub Facebook|https://www.facebook.com/groups/gmrshub|
GMRS Hub|GMRS Map|https://gmrshub.com/access/map.php|
GMRS Hub|GMRS Hub Status|https://gmrshub.com/access/hub_status.php|


