name,city,st,gmrs,ham
Avelino Faria,Alief,TX,WRZI632,
John-Paul Reed,San Antonio,TX,WRYY249,
Michele Seffens,Colorado Springs,CO,WRYP848,
Darren Brown,Iraan,TX,WRXC254,
Frank Anderson,Petersburg,MI,WRWF516,
Steven Barton,Warren,TX,WRVY723,
Ronald Rideau,Conroe,TX,WRVB930,
Ben,Stanwood,WA,WRQD697,K7BLA
Jonathan Cook,Houston,TX,WROY244,
Mark,League City,TX,WRMK220,
David Kunetka,Katy,TX,WRKM653,
Brent Eschete,Cat Spring,TX,WRKE565,
Justin Delost,Spring,TX,WRFR912, 
Bradley Wrightsman,Katy,TX,WRFR721,
Steven Griffin,Houston,TX,WRFI782,
Cisco 5-Line IP Phone, , ,SPA525G2,
Not in fcc Database,,,WQCZ301,
