name,city,st,gmrs,ham
Avelino,Alief,TX,WRZI632,
John-Paul,San Antonio,TX,WRYY249,
Michele,Colorado Springs,CO,WRYP848,
Darren,Iraan,TX,WRXC254,
Frank,Petersburg,MI,WRWF516,
Steven,Warren,TX,WRVY723,
Ronald,Conroe,TX,WRVB930,
Ben,Stanwood,WA,WRQD697,K7BLA
Jonathan,Houston,TX,WROY244,
Mark,League City,TX,WRMK220,
David,Katy,TX,WRKM653,
Brent,Cat Spring,TX,WRKE565,
Justin,Spring,TX,WRFR912, 
Bradley,Katy,TX,WRFR721,
Steven,Houston,TX,WRFI782,
Cisco 5-Line IP Phone, , ,SPA525G2,
Tommy,Round Rock,TX,WRAA259,
Christopher,Baton Rouge,LA,WRXB356,
Jeffery,Tyler,TX,WRVX757,
Dennis,Oak Creek,WI,WRUR804,
Jack,San Diego,CA,WRVX609,
Ronald,Lake Charles,LA,WRVU907,
Williams,Junction City,KS,WSAM261, 
John,Weslaco,TX,WSAP295,
JAMES,Houston,TX,WRXY695,
Not in FCC Database,,,WQCZ301,
Not in FCC Database,,,SHAK511,
