Name,city,state,GMRS,HAM
Cisco 5-Line IP Phone, , ,SPA525G2,
Frank Anderson,Petersburg,MI,WRWF516,
BEN,Stanwood,WA,WRQD697,K7BLA
Mark,League City,TX,WRMK220,
Steven Griffin,Houston,TX,WRFI782,
Bradley Wrightsman,Katy,TX,WRFR721,
David Kunetka,Katy,TX,WRKM653,
John-Paul Reed,San Antonio,TX,WRYY249,
Justin Delost,Spring,TX,WRFR912, 
Darren Brown,Iraan,TX,WRXC254,
Steven Barton,Warren,tx,WRVY723,
Avelino Faria,Alief,TX,WRZI632,
Michele Seffens,Colorado Springs,CO,WRYP848,
Jonathan Cook,Houston,TX,WROY244,
Ronald Rideau,Conroe,TX,WRVB930,
