/etc/asterisk/local/mm-software/sounds/asn35,Blizzard Warning,.
/etc/asterisk/local/mm-software/sounds/asn96,clear,.
/etc/asterisk/local/mm-software/sounds/clear,clear,.
/etc/asterisk/local/mm-software/sounds/asn95,click,.
/etc/asterisk/local/mm-software/sounds/asn10,Coastal Flood Advisory,.
/etc/asterisk/local/mm-software/sounds/asn11,Coastal Flood Warning,.
/etc/asterisk/local/mm-software/sounds/asn22,Coastal Flood Watch,.
/etc/asterisk/local/mm-software/sounds/asn27,Dense Fog Advisory,.
/etc/asterisk/local/mm-software/sounds/asn09,Excessive Heat Warning,.
/etc/asterisk/local/mm-software/sounds/asn17,Excessive Heat Watch,.
/etc/asterisk/local/mm-software/sounds/asn16,Extreme Wind Warning,.
/etc/asterisk/local/mm-software/sounds/asn26,Fire Weather Watch,.
/etc/asterisk/local/mm-software/sounds/asn21,Flash Flood Warning,.
/etc/asterisk/local/mm-software/sounds/asn33,Flash Flood Watch,.
/etc/asterisk/local/mm-software/sounds/flood_advisory,Flood Advisory,.
/etc/asterisk/local/mm-software/sounds/asn45,Flood Warning,.
/etc/asterisk/local/mm-software/sounds/asn48,Flood Watch,.
/etc/asterisk/local/mm-software/sounds/asn40,Freeze Warning,.
/etc/asterisk/local/mm-software/sounds/asn47,Freeze Watch,.
/etc/asterisk/local/mm-software/sounds/asn07,Freezing Rain Advisory,.
/etc/asterisk/local/mm-software/sounds/asn39,Frost Advisory,.
/etc/asterisk/local/mm-software/sounds/asn46,Gale Warning,.
/etc/asterisk/local/mm-software/sounds/asn44,Heat Advisory,.
/etc/asterisk/local/mm-software/sounds/asn32,High Wind Warning,.
/etc/asterisk/local/mm-software/sounds/asn38,High Wind Watch,.
/etc/asterisk/local/mm-software/sounds/asn01,Hurricane Force Wind Warning,.
/etc/asterisk/local/mm-software/sounds/asn31,Hurricane Warning,.
/etc/asterisk/local/mm-software/sounds/asn37,Hurricane Watch,.
/etc/asterisk/local/mm-software/sounds/asn30,Ice Storm Warning,.
/etc/asterisk/local/mm-software/sounds/asn95C,light click,.
/etc/asterisk/local/mm-software/sounds/asn34,Red Flag Warning,.
/etc/asterisk/local/mm-software/sounds/asn20,River Flood Warning,.
/etc/asterisk/local/mm-software/sounds/asn29,River Flood Watch,.
/etc/asterisk/local/mm-software/sounds/asn02,Severe Thunderstorm Warning,.
/etc/asterisk/local/mm-software/sounds/asn03,Severe Thunderstorm Watch,.
/etc/asterisk/local/mm-software/sounds/severe_weather_statement,Severe Weather Statement,.
/etc/asterisk/local/mm-software/sounds/silence1,silence1,.
/etc/asterisk/local/mm-software/sounds/silence2,silence2,.
/etc/asterisk/local/mm-software/sounds/silence3,silence3,.
/etc/asterisk/local/mm-software/sounds/asn15,Small Craft Advisory,.
/etc/asterisk/local/mm-software/sounds/asn06,Special Marine Warning,.
/etc/asterisk/local/mm-software/sounds/asn08,Special Weather Statement,.
/etc/asterisk/local/mm-software/sounds/asn98,star dull,.
/etc/asterisk/local/mm-software/sounds/asn19,Storm Surge Warning,.
/etc/asterisk/local/mm-software/sounds/asn28,Storm Surge Watch,.
/etc/asterisk/local/mm-software/sounds/asn43,Storm Warning,.
/etc/asterisk/local/mm-software/sounds/asn95B,strong click,.
/etc/asterisk/local/mm-software/sounds/asn14,Thunderstorm Warning,.
/etc/asterisk/local/mm-software/sounds/asn25,Thunderstorm Watch,.
/etc/asterisk/local/mm-software/sounds/asn36,Tornado Warning,.
/etc/asterisk/local/mm-software/sounds/asn42,Tornado Watch,.
/etc/asterisk/local/mm-software/sounds/asn05,Tropical Storm Warning,.
/etc/asterisk/local/mm-software/sounds/asn13,Tropical Storm Watch,.
/etc/asterisk/local/mm-software/sounds/asn97,updated weather information,.
/etc/asterisk/local/mm-software/sounds/weather_service,weather service,.
/etc/asterisk/local/mm-software/sounds/asn41,Wind Advisory,.
/etc/asterisk/local/mm-software/sounds/asn18,Wind Chill Advisory,.
/etc/asterisk/local/mm-software/sounds/asn24,Wind Chill Warning,.
/etc/asterisk/local/mm-software/sounds/asn12,Winter Storm Warning,.
/etc/asterisk/local/mm-software/sounds/asn23,Winter Storm Watch,.
/etc/asterisk/local/mm-software/sounds/asn04,Winter Weather Advisory,.
