1510,Alamo City GMRS Community,http://1510.node.gmrslive.com/supermon,
1420,broad net,https://status.broadnetgmrs.net,
1915,Central Illinois,http://1915.node.gmrslive.com/supermon,
700,Gmrs Live,http://gmrslive.com/status/link.php?nodes=700,611,900,
600,GMRS Test & Tune,https://gmrslive.com/status/link.php?nodes=611,
1171,Hammond,http://1171.node.gmrslive.com/supermon/link.php?nodes=1171,offline,
1691,Lone Wolf System,http://www.lonewolfsystem.org/supermon/link.php?nodes=1691,
1171,Ottawa Lake MI,http://1171.node.gmrslive.com/supermon/link.php?nodes=1114,
1806,South Dade GMRS Club,http://1806.node.gmrslive.com/supermon,
1114,Southeast Mishigami,http://1114.node.gmrslive.com/supermon/link.php?nodes=1114,
1082,Southwest Michigan HUB,http://1082.node.gmrslive.com/supermon/link.php?nodes=1082,
2250,Texas GMRS Network,https://link.texasgmrs.net/link.php?nodes=2250,2251,2252,2253,2254,1000,922,
1195,The RoadKill !! Repeater System,http://192.81.213.202/supermon/link.php?nodes=1195,1196,1167,50132
2506,Slingshot Repeater System,http://2505.node.gmrslive.com/supermon2/link.php?nodes=2505,2506,


