Node Manager|Directory|/gmrs/gmrs-node-index.php?type=hub&sort=live|
Node Manager|List Nodes|/gmrs/lsnodes.php|
Node Manager|Freq Chart|/gmrs/gmrs-chart.php|
Node Manager|System Map|/gmrs/map.php|
Node Manager|CPU Temp Chart|/gmrs/temp.php|
Node Manager|Status Page|/gmrs/|
Node Manager|Admin Status Page|/gmrs/admin/|
Node Manager|System Logs|/gmrs/admin/log.php?log=mmsoftware|
Weather|Radar Windy.com|/gmrs/radar.php|
Weather|Radar Weather|/gmrs/radar2.php|
Weather|Temp Chart|/gmrs/weather.php?log=temp|
Weather|Humidity Chart|/gmrs/weather.php?log=hum|
Weather|Wind Chart|/gmrs/weather.php?log=wind|
Weather|Wind Direction|/gmrs/weather.php?log=dir|
Weather|Rain Chart|/gmrs/weather.php?log=rain|
Weather|Pressure Chart|/gmrs/weather.php?log=press|
Weather|UV Index Chart|/gmrs/weather.php?log=uvi|
Weather|Solar Chart|/gmrs/weather.php?log=solar|
Bookmarks|RoadKill|http://roadkill.network|
Bookmarks|CenTex GMRS|https://www.centexgmrs.com|
Bookmarks|N Texas GMRS|http://kg5rdf.com/NTGMRS.html
Bookmarks|Oregon GMRS|http://oregongmrs.org|
Bookmarks|GmrsLive.com|https://www.gmrslive.com|
Bookmarks|HamVoip.org|https://hamvoip.org|
Bookmarks|Node Map|http://www.lagmrs.com/map.php|
Bookmarks|LaGmrs.com|http://www.lagmrs.com|
Bookmarks|Repeater Map|https://mygmrs.com/map|
Bookmarks|Propagation Map|https://vhf.dxview.org|
FCC|FCC Part95E|https://www.ecfr.gov/current/title-47/chapter-I/subchapter-D/part-95/subpart-E|
FCC|FCC Lookup|https://fjallfoss.fcc.gov/General_Menu_Reports/callsign.cfm|
FCC|FCC Bulletion|https://www.fccbulletin.com/|
Status Pages|Alamo City GMRS Community|http://1510.node.gmrslive.com/supermon/link.php?nodes=1510,1512,1684,1680|1510|
Status Pages|Broad net|https://statusbroadnetgmrs.net/link.php?nodes=1420,921|1420|
Status Pages|Bloomington 625|http://1215.node.gmrslive.com/supermon/link.php?nodes=1215,1217,1219|1215|
Status Pages|Central Illinois|http://1915.node.gmrslive.com/supermon/link.php?nodes=1775,1779,1915|1915|
Status Pages|CenTex GMRS|http://2813.node.gmrslive.com/supermon/link.php?nodes=2812,2813,2814|2813|
Status Pages|Parker County|http://4085.node.gmrslive.com/supermon/link.php?nodes=4085,4089,4303,4302|4085|
Status Pages|Gmrs Live|http://gmrslive.com/status/link.php?nodes=700,611,900|700|
Status Pages|Lone Wolf System|http://www.lonewolfsystem.org/supermon/link.php?nodes=1691|1691|
Status Pages|Mishigami Hub|http://1020.node.gmrslive.com/|1020|
Status Pages|North Carolina GMRS Network|https://hub.ncgmrs.net/supermon/link.php?nodes=2100|2100|
Status Pages|North Texas Hub|http://2240.node.gmrslive.com/supermon/link.php?nodes=2240,2244|2240|
Status Pages|Ocean State GMRS|http://50952.node.gmrslive.com/supermon2/link.php?nodes=50952,50953,50954,51241,51242|50952|
Status Pages|Oregon GMRS|http://2329.node.gmrslive.com/oregongmrs/link.php?nodes=2329,2325,2326,2327,2328|2329|
Status Pages|South Dade GMRS Club|http://1806.node.gmrslive.com/supermon|1806|
Status Pages|Southwest Michigan HUB|http://1082.node.gmrslive.com/supermon/link.php?nodes=1082|1082|
Status Pages|Southdade GMRS Hub|http://1806.node.gmrslive.com/supermon/link.php?nodes=1806,923|1806|
Status Pages|Slingshot Repeater System|http://2505.node.gmrslive.com/supermon2/link.php?nodes=2505,2506|2505|
Status Pages|Thrashed Net|http://www.thrashed.net/supermon3/link.php?nodes=4520,4521,4522,4523,4524,1195|4520|
Status Pages|The Beanee Weenee Repeater System|http://50130.node.gmrslive.com/supermon/link.php?nodes=50130,50132|50130|
Status Pages|The RoadKill Nationwide|http://status.roadkill.network/|1195| 
