Node Manager,Directory,/gmrs/gmrs-node-index.php?type=hub&sort=live,
Node Manager,List Nodes,/gmrs/lsnodes.php,
Node Manager,Freq Chart,/gmrs/gmrs-chart.php,
Node Manager,System Map,/gmrs/map.php,
Node Manager,Weather,/gmrs/radar.php,
Node Manager,CPU Temp,/gmrs/temp.php,
Node Manager,Status,/gmrs/,
Node Manager,Admin,/gmrs/admin/,
Node Manager,Logs,/gmrs/admin/log.php?log=mmsoftware,
Bookmarks,RoadKill.network,http://roadkill.network,
Bookmarks,TexasGMRS.net,https://www.texasgmrs.net,
Bookmarks,TX-LA GMRS Policies,https://www.texasgmrs.net/wp-content/uploads/2023/11/GMRS-Policies-2023-11-12.pdf,
Bookmarks,GmrsLive.com,https://www.gmrslive.com,
Bookmarks,HamVoip.org,https://hamvoip.org,
Bookmarks,GMRS Node Map,https://gmrsnodes.com,
Bookmarks,LaGmrs.com,http://www.lagmrs.com,
Bookmarks,mygmrs Map,https://mygmrs.com/map,
Bookmarks,Propagation Map,https://vhf.dxview.org,
Bookmarks,FCC Part95E,https://www.ecfr.gov/current/title-47/chapter-I/subchapter-D/part-95/subpart-E,
Bookmarks,FCC Lookup,https://fjallfoss.fcc.gov/General_Menu_Reports/callsign.cfm,
Status Pages,Alamo City GMRS Community,http://1510.node.gmrslive.com/supermon/link.php?nodes=1510,1512,1684,1680,
Status Pages,broad net,https://status.broadnetgmrs.net,
Status Pages,Central Illinois,http://1915.node.gmrslive.com/supermon/link.php?nodes=1775,1779,1915,
Status Pages,Gmrs Live,http://gmrslive.com/status/link.php?nodes=700,611,900,
Status Pages,Lone Wolf System,http://www.lonewolfsystem.org/supermon/link.php?nodes=1691,
Status Pages,South Dade GMRS Club,http://1806.node.gmrslive.com/supermon,
Status Pages,Southwest Michigan HUB,http://1082.node.gmrslive.com/supermon/link.php?nodes=1082,
Status Pages,Texas GMRS Network,https://link.texasgmrs.net/link.php?nodes=2250,2251,2252,2253,2254,24800,1000,922
Status Pages,The RoadKill Nationwide,http://192.81.213.202/supermon/link.php?nodes=1195,1196,1167,50132,
Status Pages,Slingshot Repeater System,http://2505.node.gmrslive.com/supermon2/link.php?nodes=2505,2506,
Status Pages,North Carolina GMRS Network,https://hub.ncgmrs.net/supermon/link.php?nodes=2100,
Status Pages,Southdade GMRS Hub,http://1806.node.gmrslive.com/supermon/link.php?nodes=1806,923,
