Node Manager|List Nodes|/status/lsnodes.php|
Node Manager|Louisiana Image|/status/info.php|
Node Manager|Status Page|/status/|
Node Manager|*Admin|/admin/|
Node Manager|*Directory|/admin/gmrs-node-index.php?type=hub&sort=live|


Weather|Radar Windy.com|/status/radar.php|
Weather|Chart Temp    |/status/weather.php?log=temp&today=3|
Weather|Chart Humidity|/status/weather.php?log=hum&today=3|
Weather|Chart Wind    |/status/weather.php?log=wind&today=3|
Weather|Chart Wind Dir|/status/weather.php?log=dir&today=3|
Weather|Chart Rain    |/status/weather.php?log=rain&today=3|
Weather|Chart Pressure|/status/weather.php?log=press&today=3|
Weather|Chart UV Index|/status/weather.php?log=uvi&today=3|
Weather|Chart Solar   |/status/weather.php?log=solar&today=3|



# insert any bookmarks you want here 

Bookmarks|Diagnostics|https://hub.lagmrs.com/diag/index.php|
Bookmarks|LaGmrs Blog|https://www.lagmrs.com/wp/|
Bookmarks|LaGmrs.com|https://www.lagmrs.com|
Bookmarks|Repeater Map|https://mygmrs.com/map|
Bookmarks|Propagation Map|https://vhf.dxview.org|
Bookmarks|LaRepeater.com|https://larepeater.com|
Bookmarks|HUB Directory|https://www.lagmrs.com/gmrshub.php|
Bookmarks|Louisiana Nationwide Facebook|https://www.facebook.com/groups/louisiana.nationwide.gmrs|


GMRS Hub|GMRSHub.com|http://gmrshub.com|
GMRS Hub|GMRS Hub Facebook|https://www.facebook.com/groups/gmrshub|
GMRS Hub|GMRS Map|https://gmrshub.com/access/map.php|
GMRS Hub|GMRS Hub Status|https://gmrshub.com/access/hub_status.php|

FCC|FCC Part95E|https://www.ecfr.gov/current/title-47/chapter-I/subchapter-D/part-95/subpart-E|
FCC|FCC Lookup|https://fjallfoss.fcc.gov/General_Menu_Reports/callsign.cfm|
FCC|FCC Bulletion|https://www.fccbulletin.com/|
FCC|FCC Deregulation|https://www.fcc.gov/document/fcc-chairman-carr-launches-massive-deregulation-initiative|


